{
  "toolchainPath": "t:\\nordic\\ncs\\toolchains\\0b393f9e1b",
  "sdkPath": "t:\\Nordic\\ncs\\v3.0.2",
  "board": "nrf54l15dk/nrf54l15/cpuapp",
  "boardDir": "t:\\Nordic\\ncs\\v3.0.2\\zephyr\\boards\\nordic\\nrf54l15dk",
  "boardDirs": [
    "t:\\Nordic\\ncs\\v3.0.2\\zephyr\\boards\\nordic\\nrf54l15dk"
  ],
  "sysbuild": false,
  "optimizations": "none",
  "cmakeArgs": [],
  "confFiles": [],
  "buildDirectory": "build54",
  "kconfigFragments": [],
  "snippets": [],
  "dtcOverlays": [],
  "extraDtcOverlays": []
}