{
  "nrfutil_device_version": "2.12.6",
  "family": "NRF54L_FAMILY",
  "operations": [
    {
      "core": "NRFDL_DEVICE_CORE_APPLICATION",
      "operation": {
        "chip_erase_mode": "ERASE_RANGES_TOUCHED_BY_FIRMWARE",
        "firmware": {
          "file": "c:\\Users\\bob\\work\\ncs\\beacon_advertiser\\build54\\zephyr\\zephyr.hex"
        },
        "type": "program",
        "verify": "VERIFY_READ"
      }
    },
    {
      "core": "NRFDL_DEVICE_CORE_APPLICATION",
      "operation": {
        "option": "RESET_PIN",
        "type": "reset"
      }
    }
  ]
}